url,processed
https://opensea.io//KJ_ETH,yes
https://opensea.io//Oliverrr,yes
https://opensea.io//0x2af4b707e1DCe8fC345f38CfeeAA2421e54976d5,yes
https://opensea.io//0xDD66C65f4aB47fD904850b9342236aDed3813Ec3,yes
https://opensea.io//0x2461,yes
https://opensea.io//Mrjosco_Vault,yes
https://opensea.io//0x8DCeeb78462b002d71526ad0CeFB68bC3B001367,yes
https://opensea.io//Wfg_pugs,yes
https://opensea.io//schwags,yes
https://opensea.io//KTuck28,yes
https://opensea.io//WarOnPugs,yes
https://opensea.io//0x264EBdd59F1a46C9eDEdFeD174A1Eb140fb5e49a,yes
https://opensea.io//legitlunar,yes
https://opensea.io//S3renityN0w,yes
https://opensea.io//blocbits,yes
https://opensea.io//Pigfizz,no
https://opensea.io//0x09AEf6ab733E52a2747958F1263A4f79b01FC45F,no
https://opensea.io//lIllIllI,no
https://opensea.io//stringcheese,no
https://opensea.io//0xMorgan,no
https://opensea.io//mreduem,no
https://opensea.io//Some_Doggy,no
https://opensea.io//yIII,no
https://opensea.io//0x923E640Dc2FE1A768D26BE415962e931B03a0F5d,no
https://opensea.io//GuidedPhantom,no
https://opensea.io//0xe4203ceFC0a62587096e836Af05D729578F97ab8,no
https://opensea.io//NagathorNFT,no
https://opensea.io//0xf8Cb94D5Ff27C8e598E65792c4d6e7ef3E0FACe9,no
https://opensea.io//Chao_7days,no
https://opensea.io//mark2111,no
https://opensea.io//skomo,no
https://opensea.io//nosvin,no
https://opensea.io//dreamer-rx,no
https://opensea.io//Lu-Ether,no
https://opensea.io//envision-815,no
https://opensea.io//GenesisETH,no
https://opensea.io//0x0d068CBB1a2464DA587221a1caba55693401413B,no
https://opensea.io//ExtremePuppyLove,no
https://opensea.io//0xF9f572926242948a5D984B57f74A2e2C87c317fd,no
https://opensea.io//0x86DCD73DA7B233b8b4E544FD374322357091cbCf,no
https://opensea.io//0x555555B63d1C3A8c09FB109d2c80464685Ee042B,no
https://opensea.io//0x31ACa600FBeb0cbb919222fe13cef07fb5d00dd2,no
https://opensea.io//KezerSoze,no
https://opensea.io//CryptoTab-Official,no
https://opensea.io//Sacul_,no
https://opensea.io//kingkwan_oldsnake,no
https://opensea.io//0xe38bA8c7354857294190C6e329451a4f99cA0b1E,no
https://opensea.io//Schmortey,no
https://opensea.io//KimonogirlJP,no
https://opensea.io//0x7C4520F475F9d2e625447144e84fDE47c4e972cf,no
https://opensea.io//ItsEride,no
https://opensea.io//0xd04a14e447364294F9356116bC9E2A89C1348f1C,no
https://opensea.io//paulovega,no
https://opensea.io//lestoy,no
https://opensea.io//0x113a3Ef32248d59Af1f5cdf213882f2b3DF02Da7,no
https://opensea.io//creep6,no
https://opensea.io//manduhpanduh,no
https://opensea.io//0x40BC9B6FEDc76cB013288F4A8391123De171d18f,no
https://opensea.io//GeneralGrievouss,no
https://opensea.io//baysquidward,no
https://opensea.io//Luke__NFT,no
https://opensea.io//dedengkot,no
https://opensea.io//bsoulvalut,no
https://opensea.io//556e5e,no
https://opensea.io//Cryptzy1,no
https://opensea.io//AmityNFT,no
https://opensea.io//0xMacSauce,no
https://opensea.io//MetaZappy,no
https://opensea.io//0xD16d4cc225F36677ffd6F8Fa71233d9Dcc62fF0a,no
https://opensea.io//0x7dd19fb2b62AA7c98Bf29bEF6D4215503F53aD45,no
https://opensea.io//0xA7d1F9556a8F503e7Af582610562ef14A5e2077e,no
https://opensea.io//0x78aEEe81fFd470973d759bca25C46E01F987fD26,no
https://opensea.io//TheDummy,no
https://opensea.io//0xc2c9b62dD48D8a887d56Efd0Af45121311bbe2E6,no
https://opensea.io//traich,no
https://opensea.io//Richestrobot,no
https://opensea.io//0x62f21A9Cc6D54FaF7cCb32cdb6D15bBb9FfcD7e5,no
https://opensea.io//0xd4836a70c6EE85Ca7eff6182842BecF9dD777985,no
https://opensea.io//0xDF4cb6f6272c013c13dA84231b099c4098Bbe623,no
https://opensea.io//NxWxrries,no
https://opensea.io//0x4b4139552153B474D09B2316e0Ec241B373c4fF8,no
https://opensea.io//0x3F065da2B1310465c552eEb96187ecE774Cfa84d,no
https://opensea.io//CatTrainer,no
https://opensea.io//0x986F3C06D0A39D6A661BAa1884bfE22886638aB7,no
https://opensea.io//Phiz_lemar,no
https://opensea.io//wangeang,no
https://opensea.io//AHH37,no
https://opensea.io//toxikov,no
https://opensea.io//Eviann,no
https://opensea.io//0xc8E270b0CeC5e3c48AF824BafCf3051616EFe399,no
https://opensea.io//ariellekyle,no
https://opensea.io//Kaibutsu_vault,no
https://opensea.io//0xaB9a47f37658C0E47274332de081f893A42EC0B3,no
https://opensea.io//0xCE0eB9A798E41F7a875E90EFefeaF84bFbd5D24B,no
https://opensea.io//0x4A1952D401D5598C0F4722c9403A54445DDe211F,no
https://opensea.io//0x4e514,no
https://opensea.io//0x05Dc954E45685561B85651e223f41249948c0B1f,no
https://opensea.io//desaybello,no
https://opensea.io//JasonCryptoApe,no
https://opensea.io//0x49784E92923ef52a2D0B668D15E16A9272229619,no
https://opensea.io//Sanka_Wij,no
https://opensea.io//Ex50,no
https://opensea.io//Elselmi,no
https://opensea.io//StemQueen2,no
https://opensea.io//Chou123,no
https://opensea.io//NFTKEE,no
https://opensea.io//AirZona,no
https://opensea.io//WAlFU,no
https://opensea.io//dukeborneo,no
https://opensea.io//uni4ue,no
https://opensea.io//0x356179Ec6d428243714AD6C97Fec69FbF993773B,no
https://opensea.io//JH45,no
https://opensea.io//nftbeam,no
https://opensea.io//NFT_dk,no
https://opensea.io//ConArtista,no
https://opensea.io//Rafaelpaiva,no
https://opensea.io//xyqqq,no
https://opensea.io//Stowerling,no
https://opensea.io//noodNFT2,no
https://opensea.io//0x95D3600E3C341AbaF4FC916Ff05cBaDaeb70C5B6,no
https://opensea.io//Kamikaze64,no
https://opensea.io//sam_not_BF,no
https://opensea.io//coopenator,no
https://opensea.io//Lelu,no
https://opensea.io//guappy_,no
https://opensea.io//0x03552a8272017Bf57D62CF02C64261095B0d5C1F,no
https://opensea.io//Electriko,no
https://opensea.io//0x1D4E3A14f41498D51c86D2F35F3B0EC59E3251A5,no
https://opensea.io//0x0391733ba9CA6A0A2Af91887A25DA30281F7A728,no
https://opensea.io//0x42919d7C4dAfC41Fe0E8edaec321A52288806F57,no
https://opensea.io//0xa40fb0ab60E11b15f143175F3f33545eac6D1238,no
https://opensea.io//KatanaGirl,no
https://opensea.io//Nezuuuko,no
https://opensea.io//Log,no
https://opensea.io//CronoNFT,no
https://opensea.io//RamseyBoi,no
https://opensea.io//0xE2B0FA65A63c02997cf69Dd124eaD74215c4e73c,no
https://opensea.io//TheRealest35,no
https://opensea.io//0xedD478f08D4D3bc1C7151B137260759cdc089Cb1,no
https://opensea.io//MaiBei,no
https://opensea.io//dannydigital41,no
https://opensea.io//DoctorCrazy,no
https://opensea.io//Wigglebottom,no
https://opensea.io//Stierlitz,no
https://opensea.io//Chefsukh33,no
https://opensea.io//TopMints,no
https://opensea.io//NotInterestedNoMeansNo,no
https://opensea.io//Daddysharkdoodoodoodoodoodoo,no
https://opensea.io//1531319845ETH,no
https://opensea.io//xPeksemet,no
https://opensea.io//prometheus-gandu,no
https://opensea.io//lipidz,no
https://opensea.io//MarcioNexus,no
https://opensea.io//north_vault,no
https://opensea.io//Creamy_Vault,no
https://opensea.io//0x9f6c5F55046E11d8b60500774Af05316c797e5C3,no
https://opensea.io//nude_yogagirl,no
https://opensea.io//0xd543F093660A8e66dc4583CDcF0f9F6135984017,no
https://opensea.io//NunisVault,no
https://opensea.io//Raining,no
https://opensea.io//0xA4d7EC3cDFDd519834C262cB20172250fBa278d5,no
https://opensea.io//0x3C347561b1EfF0337e9498BdF06F6CCe46f175e3,no
https://opensea.io//Versatle,no
https://opensea.io//anthonyayala,no
https://opensea.io//0xD01235368C40a11D80dee1D7F809F2e00247a0Bc,no
https://opensea.io//RINKOzNFT,no
https://opensea.io//Remco91,no
https://opensea.io//Generalwakanda,no
https://opensea.io//ixshells,no
https://opensea.io//SLABIST,no
https://opensea.io//0x7D919BB2ddefDd82d11afb7dC29855191C0bb6c0,no
https://opensea.io//0xDA029d8dD2CE9E47730d4c84568f09bBaE2CC046,no
https://opensea.io//0xfba9f460f926AAdEc32d9471b019bAafA47E9D7b,no
https://opensea.io//Hardrock31421332309,no
https://opensea.io//Will0404,no
https://opensea.io//0xA57Bd23211327249A61183042829ed466D551051,no
https://opensea.io//DrewKaiju,no
https://opensea.io//0xPeii,no
https://opensea.io//KawaiiOkami,no
https://opensea.io//Junsulee,no
https://opensea.io//On9Fungo,no
https://opensea.io//NFTownedbyRareHeartClub,no
https://opensea.io//KJ-,no
https://opensea.io//0x8279648470Eb92CBcd00CeB8Ca30C2aDfAc20740,no
https://opensea.io//OsNMSL,no
https://opensea.io//alicoo,no
https://opensea.io//qamberm,no
https://opensea.io//Booblino,no
https://opensea.io//0x2Fc037C035313320c622Ef7AE2b0E611c84C75B3,no
https://opensea.io//Fujiyama_C,no
https://opensea.io//RocketShiba,no
https://opensea.io//Fistix,no
https://opensea.io//Kami-Holdings,no
https://opensea.io//inumaki,no
https://opensea.io//madonnafan,no
https://opensea.io//0x253e82DC8790b95716FB5095DD3bAe731d0205E7,no
https://opensea.io//Onaliskuu,no
https://opensea.io//ELvisonjj,no
https://opensea.io//prashanto,no
https://opensea.io//Solde,no
https://opensea.io//AlessandroDeTo6,no
https://opensea.io//0x4AA18ddBC024575a5D4b77E79Bcb43037f7b4EdE,no
https://opensea.io//boosted,no
https://opensea.io//Dreamo,no
https://opensea.io//Good1,no
https://opensea.io//Sh1k1gam1,no
https://opensea.io//AveryFamous,no
https://opensea.io//ANDRETHEGIANT,no
https://opensea.io//Reymagic,no
https://opensea.io//Robbieshadow,no
https://opensea.io//CryptoPie37,no
https://opensea.io//Nostradumbass_eth,no
https://opensea.io//ZonaPhil,no
https://opensea.io//0xf7d3b3Cd83B58cc3fF6dD77b49737C3Dc91CD90D,no
https://opensea.io//0xc0C8cbe513e31b4D4386a9166D468Cc46332b9Eb,no
https://opensea.io//MFnQuinn,no
https://opensea.io//Steve_LIB,no
https://opensea.io//WeiNaked,no
https://opensea.io//adelmeta,no
https://opensea.io//_---_,no
https://opensea.io//0x6c1E63Ffa64BF6Ae7B69E7F0C440f3F9E23c88a7,no
https://opensea.io//0x7F2f8e8e5fC1CdFcB62406448fc701E19eEE0317,no
https://opensea.io//0x924c967fACAcD966abA63a4Aa2De2664e813A7C7,no
https://opensea.io//maaaaaaaaaaaaaa,no
https://opensea.io//TheDogecoinFamily,no
https://opensea.io//Woot_Woo,no
https://opensea.io//0xDf921AEF02a80003126df69002F6037EF56Eac3d,no
https://opensea.io//GOGORIART,no
https://opensea.io//0xAvatar,no
https://opensea.io//judy_lin,no
https://opensea.io//dladmvcoe,no
https://opensea.io//0x08002Ec00C3ec8309693554a5a316bA5600CDdb8,no
https://opensea.io//xbir,no
https://opensea.io//Greenft_,no
https://opensea.io//TARDISMAN1001,no
https://opensea.io//aimsthenam3,no
https://opensea.io//Bigboyvault,no
https://opensea.io//PekoHands,no
https://opensea.io//Nftgohjf,no
https://opensea.io//Yaba_Deluxe,no
https://opensea.io//lcliuliu,no
https://opensea.io//0xc1D71d68eb6620Da6A9F2edE99854A5C31842C6A,no
https://opensea.io//woofwuf,no
https://opensea.io//yunzhiyuan,no
https://opensea.io//naibunft,no
https://opensea.io//0xbeefbowl,no
https://opensea.io//0x92201811e9560EB59F80a8736aB767F140748752,no
https://opensea.io//desultor,no
https://opensea.io//0xa55A98Cd4ce5130fac9Fe590CC8B87B3489E3FB5,no
https://opensea.io//thecrustiest,no
https://opensea.io//0x56a952B5e3c6028E964343216b340648ca334C4b,no
https://opensea.io//nothingtw,no
https://opensea.io//teacherdaum,no
https://opensea.io//0xd8D3f7a89E809EC364eC8aDCAb94ebB00c1A5B95,no
https://opensea.io//0x3E9b86Be87457D5d89c9481Fe71935E833A97666,no
https://opensea.io//0x152720eaF57Fe833dEd87652A9d349bfd3D5C7Ee,no
https://opensea.io//kyleliu666,no
https://opensea.io//StonedVault,no
https://opensea.io//thiswontendwell,no
https://opensea.io//0xba7fD88Ce369E723205aA2215d5C02577b75B86E,no
https://opensea.io//0xa2f96718Db28d4961138E2467cE9a698bFfE1E28,no
https://opensea.io//JudithF,no
https://opensea.io//0x0D8Faf2E0E6A219578bAd07B0a256e5005F2e8d3,no
https://opensea.io//Bitcoinipie,no
https://opensea.io//0x7260F7927A25949c15B7C4cbcf936510BF34C81b,no
https://opensea.io//0x987C14A9975bA21Bf6E16549eC9EBB28bE040670,no
https://opensea.io//Solom,no
https://opensea.io//0xNinee,no
https://opensea.io//0x7A0bA09033CB327304ac66EEE0Efb8AAf6737E48,no
https://opensea.io//DecentraMaster,no
https://opensea.io//theaccountant_nft,no
https://opensea.io//CertiInvestor,no
https://opensea.io//Gh1974,no
https://opensea.io//RelleumR,no
https://opensea.io//0xF61EB539b1a9eD89B9F8774284442e29D6fC4A3b,no
https://opensea.io//0xedf4093c3200d885877F125f8e25A91AC0b9a935,no
https://opensea.io//heETH_LethGER,no
https://opensea.io//Princess_of_NFT,no
https://opensea.io//0xF055Ca8Dd5afa8Eef7838432d1AB8de9fcdf4cdE,no
https://opensea.io//ryuzakihlawliet,no
https://opensea.io//0xfc101dA61aF4Bc33189e6F8E58DC150eb13f5099,no
https://opensea.io//Tengushee,no
https://opensea.io//0x77408E8f4C4F77CaeA6155d79859fE8a1Ce3544E,no
https://opensea.io//DA_302,no
https://opensea.io//0x6F3EAA5b322977150a02A990D0f12DEd07Bc441a,no
https://opensea.io//Artemis3,no
https://opensea.io//StuffAndStuff,no
https://opensea.io//BigBossBadger,no
https://opensea.io//0xe0,no
https://opensea.io//0x8bC6F02a1778d535d652D38cf203D44BE648621e,no
https://opensea.io//0xff00D4fd6Dcd4599FEA5BEd04cd4790D10E7cccc,no
https://opensea.io//TidWhaleVault,no
https://opensea.io//letsdegen,no
https://opensea.io//0x6b2213c79FdeF4FdD5119dB0BCE70d9139EeD337,no
https://opensea.io//mecsafonso,no
https://opensea.io//0xFD0649D1B474DC38feb3389B2323a58dc723ba14,no
https://opensea.io//WaggyDoobyDoo,no
https://opensea.io//FirstyTreems,no
https://opensea.io//DiamondCruiser,no
https://opensea.io//Mathijs,no
https://opensea.io//nftsapeclub,no
https://opensea.io//00000ewok,no
https://opensea.io//Bold_Pilot,no
https://opensea.io//Weekender,no
https://opensea.io//BoodleBears,no
https://opensea.io//Cassidy_Eth,no
https://opensea.io//downtothemeyer,no
https://opensea.io//sukhdev96,no
https://opensea.io//artvisionnft,no
https://opensea.io//Hizbo,no
https://opensea.io//Layer-Zero,no
https://opensea.io//stillhungry,no
https://opensea.io//TimothyLuke,no
https://opensea.io//Whodine,no
https://opensea.io//0xd347f5Acf924F14D4CAd95EF848a176c46ba7173,no
https://opensea.io//PIKO,no
https://opensea.io//Maska1983,no
https://opensea.io//Gizmoduckphuck,no
https://opensea.io//0x84Ad048A43edc0670e5dBAACd279d8839828B08A,no
https://opensea.io//0x4Bd486a0468600C2B864C3eef7cba40dD2F13Ed8,no
https://opensea.io//0x7eF5859fD36f1f5f12634F1Baa1815Fb8d81B046,no
https://opensea.io//0xDA50a0FF48eDA9b67a8fB2bA8274eEC1e6351843,no
https://opensea.io//Bb1782,no
https://opensea.io//0x1ceaF58f191a2Df0879dD779FD078b82f045E1C1,no
https://opensea.io//Harmony-Dude,no
https://opensea.io//Reggie_eth,no
https://opensea.io//0x3aE9e4603F7293B57193b04d067E13Db4efC0e33,no
https://opensea.io//Foul_Level_Monster,no
https://opensea.io//0xce4A73b41E2170625E912D42C5C6b9B7eFD868E8,no
https://opensea.io//0xB2fA9BdbAF339aF336a5DD7610Aa60725406469a,no
https://opensea.io//TSRS,no
https://opensea.io//abcmark,no
https://opensea.io//Kusagi,no
https://opensea.io//0xd441545BEC52011C872b62798EdD570995356F9D,no
https://opensea.io//0x4CB0448feE5f8Eb8c40490F88b995F0A1A5f34cd,no
https://opensea.io//Mpozzecco,no
https://opensea.io//0x509444b96cf4115A985536a1aC3bf6F90912A874,no
https://opensea.io//utilitas,no
https://opensea.io//bennet_,no
https://opensea.io//0xC376c66b08F6A9Cb6F2d66931Bb9e0a0D4914299,no
https://opensea.io//0xRYxN,no
https://opensea.io//0xF2457103ed45dA7030157E6B9028cB3999734fDf,no
https://opensea.io//0x809950968cE124d6C7334152ef9AEF11eEcB7CBb,no
https://opensea.io//pezlow,no
https://opensea.io//d3g3nnft,no
https://opensea.io//0x0fc9E907e37AF6F72be42AcbE9eB37c120c6572d,no
https://opensea.io//0x7bF14d493520f20FAD2e326deC83509d1116C6b6,no
https://opensea.io//kbkk123,no
https://opensea.io//nunggi,no
https://opensea.io//Nico222,no
https://opensea.io//jbags_vault,no
https://opensea.io//0x7ac3D7101314927f2cFe7C105F50795c6E01f0cE,no
https://opensea.io//NJSTEVE007X,no
https://opensea.io//volana_eth,no
https://opensea.io//3267,no
https://opensea.io//hurabono,no
https://opensea.io//0x5f2A3572008973FeBA921C6579eEe160cDB23730,no
https://opensea.io//wildshooter777,no
https://opensea.io//WildBansh3,no
https://opensea.io//0xDce344D67d08aBaae7f7e27f8D6C11C3898f0610,no
https://opensea.io//notl,no
https://opensea.io//0xcC959B33bDE0995B2c3a1f5beF2Cc5b777A38729,no
https://opensea.io//0x00d29fbc,no
https://opensea.io//0x409F4E3613CA83E6c08B902D2B2f12650d00F2CB,no
https://opensea.io//GANG_MFN_GANG,no
https://opensea.io//Yieldasaurus,no
https://opensea.io//0xeFe3B34E6FBd2358f5ecB0229ccc9e66fDe2dB4f,no
https://opensea.io//0xBA143Ca0033DDEd166786c80D06C6066F6f850fA,no
https://opensea.io//eth1314,no
https://opensea.io//GOODLETTER777,no
https://opensea.io//Un1llama,no
https://opensea.io//0x9dCC48773656abDA3f333895686225Fd86F3EFb6,no
https://opensea.io//0x591148CFb7641828d1D1Ea18DCE20e8506445F61,no
https://opensea.io//0xFB7a6AE8cc08b9FBA97E72Ea95263A7B98f106C1,no
https://opensea.io//MayMay0505,no
https://opensea.io//Dajo_Cat_Project,no
https://opensea.io//0x6d8E305f1EcAb1eb6D038268E77834A501465886,no
https://opensea.io//Lecryptoman,no
https://opensea.io//playthesimulation,no
https://opensea.io//0xBE30e0a194732fC19f3005559A79f529CDD86D91,no
https://opensea.io//FomoBaggins,no
https://opensea.io//0x7d7487966c905A762aBE6E4FfD44dB3847C7b105,no
https://opensea.io//simple8304,no
https://opensea.io//0x6Cdc024f47BCA6d54654c41E0e2117626EC98591,no
https://opensea.io//0x99E29067931Ea27D1EEFD75F39bD5EAAB5cC4fac,no
https://opensea.io//WilliamJu,no
https://opensea.io//Zonap,no
https://opensea.io//vip_vip,no
https://opensea.io//dudidam,no
https://opensea.io//heyMissMeta,no
https://opensea.io//rkishore,no
https://opensea.io//baba1aga,no
https://opensea.io//burner123ee,no
https://opensea.io//unisushi,no
https://opensea.io//0x644F7C37fCe4965f7F12d0B5c92ca029E8f3BE91,no
https://opensea.io//0xd7F54DAC584B09F606d0C6eda702C3fC604b278e,no
https://opensea.io//SenecaEth,no
https://opensea.io//harry5555,no
https://opensea.io//lollicat,no
https://opensea.io//ganes-klay,no
https://opensea.io//0xFdb68aFDeBC651d26BAE98CfA4921C08Eb18905a,no
https://opensea.io//DDD6,no
https://opensea.io//kenkel412,no
https://opensea.io//NFTCaveMan,no
https://opensea.io//LINCHI,no
https://opensea.io//jmduep,no
https://opensea.io//OrAn3G,no
